year,topic,career_phase,institution,publication_count,major,publication,title
2000,Genome Resources; Plant Genomics; Methods,Genome-era resources,MIPS / Munich,1,False,arabidopsis2000,Analysis of the genome sequence of the flowering plant Arabidopsis thaliana
2000,Transcriptomics; Plant Genomics,Genome-era resources,MIPS / Munich,1,False,dalmay2000silencing,An RNA-dependent RNA polymerase gene in Arabidopsis is required for posttranscriptional gene silencing mediated by a transgene but not by a virus
2000,Genome Resources; Plant Genomics; Methods,Genome-era resources,MIPS / Munich,1,False,eu2000chromosome3,Sequence and analysis of chromosome 3 of the plant Arabidopsis thaliana
2000,Genome Resources; Plant Genomics; Methods,Genome-era resources,MIPS / Munich,1,False,kazusa2000chromosome5,Sequence and analysis of chromosome 5 of the plant Arabidopsis thaliana
2000,Genome Resources; Plant Genomics; Bioinformatics Infrastructure; Methods,Genome-era resources,MIPS / Munich,1,True,mayer2000chromosome4,Arabidopsis genome analysis as exemplified by analysis of chromosome 4
2002,Genome Resources; Transcriptomics,Genome-era resources,MIPS / Munich,1,False,haas2002full,Full-length messenger RNA sequences greatly improve genome annotation
2002,Genome Resources; Bioinformatics Databases,Genome-era resources,MIPS / Munich,1,True,mewes2002mips,MIPS: a database for genomes and protein sequences
2002,Genome Resources; Plant Genomics; Bioinformatics Databases; Resources,Genome-era resources,MIPS / Munich,1,True,schoof2002matdb,MIPS Arabidopsis thaliana Database (MAtDB): an integrated biological knowledge resource based on the first complete plant genome
2003,Genome Resources; Transcriptomics; Plant Genomics; Methods,Comparative genomics,MIPS / Munich,1,False,brenner2003cycas,"Expressed sequence tag analysis in Cycas, the most primitive living seed plant"
2003,Genome Resources,Comparative genomics,MIPS / Munich,1,False,galagan2003neurospora,The genome sequence of the filamentous fungus Neurospora crassa
2003,Genome Resources; Transcriptomics; Population Genomics; Plant Genomics; Resources,Comparative genomics,MIPS / Munich,1,False,kota2003barley,Snipping polymorphisms from large EST collections in barley (Hordeum vulgare L.)
2003,Genome Resources; Transcriptomics; Plant Genomics; Reviews,Comparative genomics,MIPS / Munich,1,True,rudd2003est,Expressed sequence tags: alternative or complement to whole genome sequences?
2003,Genome Resources; Comparative Genomics; Plant Genomics; Bioinformatics Infrastructure; Bioinformatics Databases; Software,Comparative genomics,MIPS / Munich,1,True,rudd2003sputnik,Sputnik: a database platform for comparative plant genomics
2004,Genome Resources; Transcriptomics; Plant Genomics,Comparative genomics,MIPS / Munich,1,False,lai2004maize,Characterization of the maize endosperm transcriptome and its comparison to the rice genome
2004,Genome Resources; Comparative Genomics; Transcriptomics; Plant Genomics,Comparative genomics,MIPS / Munich,1,True,rudd2004smar,Genome-wide in silico mapping of scaffold/matrix attachment regions in Arabidopsis suggests correlation of intragenic scaffold/matrix attachment regions with gene expression
2004,Transcriptomics; Plant Genomics; Methods,Comparative genomics,MIPS / Munich,1,False,zhang2004barley,Large-scale analysis of the barley transcriptome based on expressed sequence tags
2005,Transcriptomics,Comparative genomics,MIPS / Munich,1,False,battchikova2005ndh,Identification of NdhL and Ssl1690 (NdhO) in NDH-1L and NDH-1M complexes of Synechocystis sp. PCC 6803
2005,Genome Resources; Transcriptomics; Plant Genomics; Methods,Comparative genomics,MIPS / Munich,1,False,brenner2005ginkgo,EST analysis in Ginkgo biloba: an assessment of conserved developmental regulators and gymnosperm-specific genes
2005,Genome Resources; Plant Genomics; Methods,Comparative genomics,MIPS / Munich,1,False,brosche2005populus,Gene expression and metabolite profiling of Populus euphratica growing in the Negev desert
2005,Transcriptomics; Plant Genomics; Bioinformatics Infrastructure; Methods; Machine Learning; Resources,Comparative genomics,MIPS / Munich,1,True,friedel2005svm,Support vector machines for separation of mixed plant-pathogen EST collections based on codon usage
2005,Transcriptomics; Plant Genomics,Comparative genomics,MIPS / Munich,1,False,germain2005solanum,A 6374 unigene set corresponding to low abundance transcripts expressed following fertilization in Solanum chacoense and characterization of 30 receptor-like kinases
2005,Genome Resources; Transcriptomics; Plant Genomics; Methods,Comparative genomics,MIPS / Munich,1,False,laitinen2005gerbera,Analysis of the floral transcriptome uncovers new regulators of organ determination and gene families related to flower organ differentiation in Gerbera hybrida (Asteraceae)
2005,Bioinformatics Infrastructure; Software,Comparative genomics,MIPS / Munich,1,True,rudd2005eclair,Eclair---a web service for unravelling species origin of sequences sampled from mixed host interfaces
2005,Genome Resources; Comparative Genomics; Transcriptomics; Plant Genomics; Bioinformatics Databases; Software; Resources,Comparative genomics,MIPS / Munich,1,True,rudd2005opensputnik,openSputnik---a database to ESTablish comparative plant genomics using unsaturated sequence collections
2005,Plant Genomics; Bioinformatics Databases,Comparative genomics,MIPS / Munich,1,True,rudd2005plantmarkers,PlantMarkers---a database of predicted molecular markers from plants
2005,Transcriptomics,Comparative genomics,MIPS / Munich,1,False,technau2005cnidarians,Maintenance of ancestral complexity and non-metazoan genes in two basal cnidarians
2006,Genome Resources; Transcriptomics; Resources,Comparative genomics,MIPS / Munich,1,False,beldade2006bicyclus,"A wing expressed sequence tag resource for Bicyclus anynana butterflies, an evo-devo model"
2006,Transcriptomics; Methods,Comparative genomics,MIPS / Munich,1,False,bottger2006hydra,Genetic screen for signal peptides in Hydra reveals novel secreted proteins and evidence for non-classical protein secretion
2006,Genome Resources; Transcriptomics; Population Genomics,Comparative genomics,MIPS / Munich,1,False,grapes2006pig,Prospecting for pig single nucleotide polymorphisms in the human genome: have we struck gold?
2006,Genome Resources; Transcriptomics; Bioinformatics Databases; Resources,Comparative genomics,MIPS / Munich,1,True,mracek2006oenothera,"Construction, database integration, and application of an Oenothera EST library"
2006,Plant Genomics,Comparative genomics,MIPS / Munich,1,False,tetko2006smar,Spatiotemporal expression control correlates with intragenic scaffold matrix attachment regions (S/MARs) in Arabidopsis thaliana
2007,Other,Comparative genomics,MIPS / Munich,1,False,emmersen2007triplet,Separation of sequences from host-pathogen interface using triplet nucleotide frequencies
2007,Transcriptomics; Plant Genomics; Methods,Comparative genomics,MIPS / Munich,1,False,koutaniemi2007lignin,Expression profiling of the lignin biosynthetic pathway in Norway spruce using EST sequencing and real-time RT-PCR
2007,Transcriptomics; Plant Genomics; Resources,Comparative genomics,MIPS / Munich,1,False,lokko2007cassava,"Characterization of an 18,166 EST dataset for cassava (Manihot esculenta Crantz) enriched for drought-responsive genes"
2007,Methods,Comparative genomics,MIPS / Munich,1,False,pauly2007hydra,"Proteomic screen in the simple metazoan Hydra identifies 14-3-3 binding proteins implicated in cellular metabolism, cytoskeletal organisation and Ca2+ signalling"
2007,Genome Resources; Transcriptomics; Methods,Comparative genomics,MIPS / Munich,1,False,rotter2007bentgrass,Analysis of EST sequences suggests recent origin of allotetraploid colonial and creeping bentgrasses
2008,Genome Resources; Methods,Applied transcriptomics,International collaborations,1,False,grasso2008coral,Microarray analysis identifies candidate genes for key roles in coral development
2009,Genome Resources; Comparative Genomics; Plant Genomics,Applied transcriptomics,International collaborations,1,False,hackauf2009rye,Comparative mapping of DNA sequences in rye (Secale cereale L.) in relation to the rice genome
2009,Transcriptomics; Methods; Resources,Applied transcriptomics,International collaborations,1,False,junttila2009rna,Optimization and comparison of different methods for RNA isolation for cDNA library construction from the reindeer lichen Cladonia rangiferina
2012,Genome Resources; Transcriptomics; Cancer Genomics; Clinical Genomics,Applied transcriptomics,International collaborations,1,False,gunaletchumy2012,"Draft genome sequences of Helicobacter pylori isolates from Malaysia, cultured from patients with functional dyspepsia and gastric cancer"
2012,Genome Resources; Transcriptomics,Applied transcriptomics,International collaborations,1,False,junttila2012lichen,"Characterization of a transcriptome from a non-model organism, Cladonia rangiferina, the grey reindeer lichen, using high-throughput next generation sequencing and EST sequence data"
2013,Genome Resources; Transcriptomics,Applied transcriptomics,International collaborations,1,False,junttila2013dehydration,"Whole transcriptome characterization of the effects of dehydration and rehydration on Cladonia rangiferina, the grey reindeer lichen"
2014,Transcriptomics,Clinical and data science,Australia / industry,1,False,melian2014westnile,Programmed ribosomal frameshift alters expression of West Nile virus genes and facilitates virus replication in birds and mosquitoes
2016,Cancer Genomics; Clinical Genomics,Clinical and data science,Australia / industry,1,False,derienzo2016mesothelioma,Gender-specific molecular and clinical features underlie malignant pleural mesothelioma
2016,Clinical Genomics,Clinical and data science,Australia / industry,1,False,wise2016stemcells,Human mesenchymal stem cells alter the gene profile of monocytes from patients with type 2 diabetes and end-stage renal disease
2017,Genome Resources; Transcriptomics; Plant Genomics; Bioinformatics Infrastructure; Reviews; Resources,Clinical and data science,Australia / industry,1,True,schmutzer2017plant,"Bioinformatics in the plant genomic and phenomic domain: the German contribution to resources, services and perspectives"
2018,Genome Resources; Metagenomics; Bioinformatics Infrastructure; Methods; Machine Learning,Clinical and data science,Australia / industry,1,True,chappell2018,Rapid analysis of metagenomic data using signature-based clustering
2018,Transcriptomics; Clinical Genomics,Clinical and data science,Australia / industry,1,False,lee2018intellectual,Gene networks associated with non-syndromic intellectual disability
